{
  "name": "banking-jdbc-sink",
  "config": {
    "connector.class": "io.confluent.connect.jdbc.JdbcSinkConnector",
    "tasks.max": "1",

    "topics.regex": "banking\\.public\\.(accounts|transactions)",

    "connection.url": "jdbc:postgresql://postgres:5432/banking",
    "connection.user": "postgres",
    "connection.password": "postgres",

    "auto.create": "true",
    "auto.evolve": "true",

    "insert.mode": "upsert",
    "pk.mode": "record_key",
    "delete.enabled": "false",

    "transforms": "unwrap,route",
    "transforms.unwrap.type": "io.debezium.transforms.ExtractNewRecordState",
    "transforms.unwrap.drop.tombstones": "true",
    "transforms.unwrap.delete.handling.mode": "rewrite",

    "transforms.route.type": "org.apache.kafka.connect.transforms.RegexRouter",
    "transforms.route.regex": "banking\\.public\\.(.*)",
    "transforms.route.replacement": "$1",

    "table.name.format": "analytics.${topic}"
  }
}